id;report_url;description
1;virtual cross-media withdrawal;../fake-data/blob/hipster.txt
2;secondary;../fake-data/blob/hipster.txt
3;Loan;../fake-data/blob/hipster.txt
4;Colorado Baby;../fake-data/blob/hipster.txt
5;synthesize Zloty Handcrafted;../fake-data/blob/hipster.txt
6;connecting models;../fake-data/blob/hipster.txt
7;orchid;../fake-data/blob/hipster.txt
8;Sleek;../fake-data/blob/hipster.txt
9;intermediate vortals payment;../fake-data/blob/hipster.txt
10;Baby RSS Health;../fake-data/blob/hipster.txt
