id;title;sub_title;description
1;bluetooth;quantify;../fake-data/blob/hipster.txt
2;feed invoice;infrastructures Bermuda Small;../fake-data/blob/hipster.txt
3;Bedfordshire Dinar;Card Gorgeous;../fake-data/blob/hipster.txt
4;Bike Creek generation;azure innovate Concrete;../fake-data/blob/hipster.txt
5;strategic Music Egyptian;Internal navigate Rustic;../fake-data/blob/hipster.txt
6;Chair;lavender high-level deploy;../fake-data/blob/hipster.txt
7;mobile parse China;Wooden quantifying;../fake-data/blob/hipster.txt
8;JBOD Coordinator;Iowa Jersey;../fake-data/blob/hipster.txt
9;Plastic Tasty Practical;Consultant Kip Madagascar;../fake-data/blob/hipster.txt
10;Walk;quantify Central Ohio;../fake-data/blob/hipster.txt
