id;identifier;critical_success_factors;population_size;statistical_error;confidence_level;required_sample_size;estimated_response_rate;survey_participants_number
1;salmon;Nakfa Solomon;Shoes ADP Avon;SAS Bike;archive Berkshire Kansas;Unbranded Investment;Web orange Namibia;53764
2;embrace Arizona Louisiana;haptic next Tactics;Computers;Account;out-of-the-box Regional;fuchsia Functionality Soft;Rustic monitor Malaysia;57699
3;Inlet;withdrawal Hampshire;Customizable Functionality;Palladium Officer;array;Garden Handmade Pennsylvania;Toys Open-source collaboration;96897
4;Supervisor Account;De-engineered Soap back-end;Oregon national Assimilated;Steel;Customer;Grocery Fantastic Computers;transmit;80176
5;Proactive Planner Intelligent;Up-sized Optimized;calculating Plain cross-platform;deposit Branding;Ball Bike;Massachusetts Concrete Michigan;Concrete;31716
6;Industrial;Applications Denmark;up;Belgium envisioneer See;bleeding-edge back;calculating HTTP Pound;Vermont;82929
7;installation;Metal turn-key;Liaison orchid;bypass 24/365;Soft;experiences Steel matrix;transmit primary Intelligent;6975
8;transmit Implementation azure;Avon Marketing;Ghana solution;Michigan RAM RAM;panel attitude-oriented;Small payment Manors;Guatemala navigating;3976
9;Soap;Gorgeous;Dollar rich Bedfordshire;Organic Health Granite;Dinar Malagasy;alarm Dynamic;Generic Qatar;79214
10;Arizona International;Investor program harness;networks Intelligent bandwidth;Kazakhstan index Account;Creative AI Concrete;salmon Trinidad Avon;methodologies;14492
