id;value;description;language
1;Prairie;../fake-data/blob/hipster.txt;GREEK
2;budgetary Visionary;../fake-data/blob/hipster.txt;ENGLISH
3;Account Fish recontextualize;../fake-data/blob/hipster.txt;GREEK
4;Incredible;../fake-data/blob/hipster.txt;GREEK
5;quantify;../fake-data/blob/hipster.txt;GREEK
6;Car eyeballs systemic;../fake-data/blob/hipster.txt;ENGLISH
7;Dollar;../fake-data/blob/hipster.txt;ENGLISH
8;e-enable Arizona;../fake-data/blob/hipster.txt;ENGLISH
9;Kansas;../fake-data/blob/hipster.txt;ENGLISH
10;Corporate Computers;../fake-data/blob/hipster.txt;ENGLISH
