id;value;category;description;language
1;algorithm Distributed lavender;Metal;../fake-data/blob/hipster.txt;ENGLISH
2;Computers;Auto;../fake-data/blob/hipster.txt;ENGLISH
3;synthesize teal Pizza;Buckinghamshire;../fake-data/blob/hipster.txt;ENGLISH
4;Rubber orchid;Dakota;../fake-data/blob/hipster.txt;ENGLISH
5;Shirt;Coordinator bleeding-edge compressing;../fake-data/blob/hipster.txt;ENGLISH
6;generation;archive killer Intelligent;../fake-data/blob/hipster.txt;ENGLISH
7;Research Shoes Identity;Gloves tan program;../fake-data/blob/hipster.txt;GREEK
8;ivory bi-directional local;Fuerte COM;../fake-data/blob/hipster.txt;GREEK
9;Solutions Loan Cambridgeshire;South indexing;../fake-data/blob/hipster.txt;GREEK
10;Soap firewall;Hat Mouse;../fake-data/blob/hipster.txt;GREEK
